Date,Time,Away Team,Home Team,Venue,Notes
10/21/2025,7:30 PM,Houston Rockets,Oklahoma City Thunder,Paycom Center,Regular Season
10/21/2025,10:00 PM,Golden State Warriors,Los Angeles Lakers,Crypto.com Arena,Regular Season
10/22/2025,7:00 PM,Brooklyn Nets,Charlotte Hornets,Spectrum Center,Regular Season
10/22/2025,7:00 PM,Cleveland Cavaliers,New York Knicks,Madison Square Garden,Regular Season
10/22/2025,7:00 PM,Miami Heat,Orlando Magic,Kia Center,Regular Season
10/22/2025,7:30 PM,Philadelphia 76ers,Boston Celtics,TD Garden,Regular Season
10/22/2025,7:30 PM,Toronto Raptors,Atlanta Hawks,State Farm Arena,Regular Season
10/22/2025,8:00 PM,Detroit Pistons,Chicago Bulls,United Center,Regular Season
10/22/2025,8:00 PM,New Orleans Pelicans,Memphis Grizzlies,FedExForum,Regular Season
10/22/2025,8:00 PM,Washington Wizards,Milwaukee Bucks,Fiserv Forum,Regular Season
10/22/2025,9:00 PM,Los Angeles Clippers,Utah Jazz,Delta Center,Regular Season
10/22/2025,9:30 PM,San Antonio Spurs,Dallas Mavericks,American Airlines Center,Regular Season
10/22/2025,10:00 PM,Minnesota Timberwolves,Portland Trail Blazers,Moda Center,Regular Season
10/22/2025,10:00 PM,Sacramento Kings,Phoenix Suns,Footprint Center,Regular Season
10/23/2025,7:30 PM,Oklahoma City Thunder,Indiana Pacers,Gainbridge Fieldhouse,Regular Season
10/23/2025,10:00 PM,Denver Nuggets,Golden State Warriors,Chase Center,Regular Season
10/24/2025,6:30 PM,Milwaukee Bucks,Toronto Raptors,Scotiabank Arena,Regular Season
10/24/2025,7:00 PM,Atlanta Hawks,Orlando Magic,Kia Center,Regular Season
10/24/2025,7:30 PM,Cleveland Cavaliers,Brooklyn Nets,Barclays Center,Regular Season
10/24/2025,7:30 PM,New York Knicks,Boston Celtics,TD Garden,Regular Season
10/24/2025,8:00 PM,Charlotte Hornets,Houston Rockets,Toyota Center,Regular Season
10/24/2025,8:00 PM,Chicago Bulls,Milwaukee Bucks,Fiserv Forum,Regular Season
10/24/2025,9:30 PM,Phoenix Suns,Utah Jazz,Delta Center,Regular Season
10/24/2025,10:00 PM,Los Angeles Lakers,Minnesota Timberwolves,Target Center,Regular Season
10/24/2025,10:00 PM,New Orleans Pelicans,Portland Trail Blazers,Moda Center,Regular Season
10/25/2025,7:00 PM,Chicago Bulls,Orlando Magic,Kia Center,Regular Season
10/25/2025,7:30 PM,Charlotte Hornets,Philadelphia 76ers,Wells Fargo Center,Regular Season
10/25/2025,7:30 PM,Oklahoma City Thunder,Atlanta Hawks,State Farm Arena,Regular Season
10/25/2025,8:00 PM,Indiana Pacers,Memphis Grizzlies,FedExForum,Regular Season
10/25/2025,8:30 PM,San Antonio Spurs,Houston Rockets,Toyota Center,Regular Season
10/25/2025,9:00 PM,Phoenix Suns,Denver Nuggets,Ball Arena,Regular Season
10/25/2025,10:30 PM,Sacramento Kings,Los Angeles Clippers,Intuit Dome,Regular Season
10/26/2025,2:00 PM,San Antonio Spurs,Dallas Mavericks,American Airlines Center,Regular Season
10/26/2025,3:30 PM,Boston Celtics,Detroit Pistons,Little Caesars Arena,Regular Season
10/26/2025,6:00 PM,Charlotte Hornets,Washington Wizards,Capital One Arena,Regular Season
10/26/2025,6:00 PM,Cleveland Cavaliers,Toronto Raptors,Scotiabank Arena,Regular Season
10/26/2025,6:00 PM,Miami Heat,New York Knicks,Madison Square Garden,Regular Season
10/26/2025,7:00 PM,Indiana Pacers,Minnesota Timberwolves,Target Center,Regular Season
10/26/2025,7:30 PM,Dallas Mavericks,Toronto Raptors,Scotiabank Arena,Regular Season
10/26/2025,9:00 PM,Sacramento Kings,Los Angeles Lakers,Crypto.com Arena,Regular Season
10/26/2025,9:00 PM,Los Angeles Clippers,Portland Trail Blazers,Moda Center,Regular Season
10/27/2025,7:00 PM,Cleveland Cavaliers,Detroit Pistons,Little Caesars Arena,Regular Season
10/27/2025,7:00 PM,Orlando Magic,Philadelphia 76ers,Wells Fargo Center,Regular Season
10/27/2025,8:00 PM,Atlanta Hawks,Chicago Bulls,United Center,Regular Season
10/27/2025,8:00 PM,Brooklyn Nets,Houston Rockets,Toyota Center,Regular Season
10/27/2025,8:00 PM,Boston Celtics,New Orleans Pelicans,Smoothie King Center,Regular Season
10/27/2025,8:00 PM,Toronto Raptors,San Antonio Spurs,Frost Bank Center,Regular Season
10/27/2025,8:30 PM,Oklahoma City Thunder,Dallas Mavericks,American Airlines Center,Regular Season
10/27/2025,9:00 PM,Utah Jazz,Phoenix Suns,Footprint Center,Regular Season
10/27/2025,9:30 PM,Denver Nuggets,Minnesota Timberwolves,Target Center,Regular Season
10/27/2025,10:00 PM,Memphis Grizzlies,Golden State Warriors,Chase Center,Regular Season
10/27/2025,10:30 PM,Los Angeles Lakers,Portland Trail Blazers,Moda Center,Regular Season
10/28/2025,7:00 PM,Philadelphia 76ers,Washington Wizards,Capital One Arena,Regular Season
10/28/2025,7:30 PM,Charlotte Hornets,Miami Heat,Kaseya Center,Regular Season
10/28/2025,8:00 PM,New York Knicks,Milwaukee Bucks,Fiserv Forum,Regular Season
10/28/2025,8:00 PM,Sacramento Kings,Oklahoma City Thunder,Paycom Center,Regular Season
10/28/2025,11:00 PM,Los Angeles Clippers,Golden State Warriors,Chase Center,Regular Season
10/29/2025,7:00 PM,Boston Celtics,Indiana Pacers,Gainbridge Fieldhouse,Regular Season
10/29/2025,7:00 PM,Washington Wizards,Toronto Raptors,Scotiabank Arena,Regular Season
10/29/2025,7:00 PM,Detroit Pistons,Philadelphia 76ers,Wells Fargo Center,Regular Season
10/29/2025,7:30 PM,Atlanta Hawks,Brooklyn Nets,Barclays Center,Regular Season
10/29/2025,8:00 PM,Orlando Magic,Chicago Bulls,United Center,Regular Season
10/29/2025,8:30 PM,New York Knicks,Dallas Mavericks,American Airlines Center,Regular Season
10/29/2025,9:00 PM,Denver Nuggets,New Orleans Pelicans,Smoothie King Center,Regular Season
10/29/2025,9:00 PM,Portland Trail Blazers,Utah Jazz,Delta Center,Regular Season
10/29/2025,9:30 PM,Los Angeles Lakers,Minnesota Timberwolves,Target Center,Regular Season
10/29/2025,10:00 PM,Memphis Grizzlies,Phoenix Suns,Footprint Center,Regular Season
10/30/2025,7:00 PM,Orlando Magic,Charlotte Hornets,Spectrum Center,Regular Season
10/30/2025,8:00 PM,Golden State Warriors,Milwaukee Bucks,Fiserv Forum,Regular Season
10/30/2025,8:00 PM,Washington Wizards,Oklahoma City Thunder,Paycom Center,Regular Season
10/30/2025,8:30 PM,Miami Heat,San Antonio Spurs,Frost Bank Center,Regular Season
10/31/2025,7:00 PM,Atlanta Hawks,Indiana Pacers,Gainbridge Fieldhouse,NBA Cup Group Play
10/31/2025,7:00 PM,Boston Celtics,Philadelphia 76ers,Wells Fargo Center,NBA Cup Group Play
10/31/2025,7:30 PM,Toronto Raptors,Cleveland Cavaliers,Rocket Mortgage FieldHouse,NBA Cup Group Play
10/31/2025,8:00 PM,New York Knicks,Chicago Bulls,United Center,NBA Cup Group Play
10/31/2025,9:30 PM,Los Angeles Lakers,Memphis Grizzlies,FedExForum,NBA Cup Group Play
10/31/2025,10:00 PM,Utah Jazz,Phoenix Suns,Footprint Center,NBA Cup Group Play
10/31/2025,10:30 PM,New Orleans Pelicans,Los Angeles Clippers,Intuit Dome,NBA Cup Group Play
,,Away Team,Home Team,Venue,Notes
11/01/2025,6:00 PM,Boston Celtics,Charlotte Hornets,Spectrum Center,Regular Season
11/01/2025,7:00 PM,Memphis Grizzlies,Philadelphia 76ers,Wells Fargo Center,Regular Season
11/01/2025,7:30 PM,Sacramento Kings,Toronto Raptors,Scotiabank Arena,Regular Season
11/01/2025,8:00 PM,Golden State Warriors,Houston Rockets,Toyota Center,Regular Season
11/01/2025,8:00 PM,Cleveland Cavaliers,Milwaukee Bucks,Fiserv Forum,Regular Season
11/01/2025,8:00 PM,Miami Heat,Washington Wizards,Capital One Arena,NBA Mexico City Game
11/01/2025,9:30 PM,Portland Trail Blazers,Phoenix Suns,Footprint Center,Regular Season
11/01/2025,10:00 PM,Oklahoma City Thunder,Los Angeles Clippers,Intuit Dome,Regular Season
11/01/2025,10:30 PM,Utah Jazz,Denver Nuggets,Ball Arena,Regular Season
11/02/2025,3:30 PM,New Orleans Pelicans,Oklahoma City Thunder,Paycom Center,Regular Season
11/02/2025,6:00 PM,Atlanta Hawks,Cleveland Cavaliers,Rocket Mortgage FieldHouse,Regular Season
11/02/2025,6:00 PM,Detroit Pistons,Brooklyn Nets,Barclays Center,Regular Season
11/02/2025,7:00 PM,Chicago Bulls,New York Knicks,Madison Square Garden,Regular Season
11/02/2025,8:00 PM,San Antonio Spurs,Phoenix Suns,Footprint Center,Regular Season
11/02/2025,9:30 PM,Miami Heat,Los Angeles Lakers,Crypto.com Arena,Regular Season
11/03/2025,7:00 PM,Milwaukee Bucks,Indiana Pacers,Gainbridge Fieldhouse,Regular Season
11/03/2025,7:00 PM,Minnesota Timberwolves,Brooklyn Nets,Barclays Center,Regular Season
11/03/2025,7:30 PM,Utah Jazz,Boston Celtics,TD Garden,Regular Season
11/03/2025,7:30 PM,Washington Wizards,New York Knicks,Madison Square Garden,Regular Season
11/03/2025,8:00 PM,Dallas Mavericks,Houston Rockets,Toyota Center,Regular Season
11/03/2025,8:00 PM,Detroit Pistons,Memphis Grizzlies,FedExForum,Regular Season
11/03/2025,9:00 PM,Sacramento Kings,Denver Nuggets,Ball Arena,Regular Season
11/03/2025,10:00 PM,Chicago Bulls,Portland Trail Blazers,Moda Center,Regular Season
11/03/2025,10:30 PM,Miami Heat,Los Angeles Clippers,Intuit Dome,Regular Season
11/04/2025,8:00 PM,Orlando Magic,Atlanta Hawks,State Farm Arena,Regular Season
11/04/2025,11:00 PM,Oklahoma City Thunder,Los Angeles Clippers,Intuit Dome,Regular Season
11/05/2025,7:00 PM,Brooklyn Nets,Indiana Pacers,Gainbridge Fieldhouse,Regular Season
11/05/2025,7:00 PM,Philadelphia 76ers,Cleveland Cavaliers,Rocket Mortgage FieldHouse,Regular Season
11/05/2025,7:00 PM,Utah Jazz,Detroit Pistons,Little Caesars Arena,Regular Season
11/05/2025,7:30 PM,Minnesota Timberwolves,New York Knicks,Madison Square Garden,Regular Season
11/05/2025,7:30 PM,Washington Wizards,Boston Celtics,TD Garden,Regular Season
11/05/2025,8:00 PM,Houston Rockets,Memphis Grizzlies,FedExForum,Regular Season
11/05/2025,8:30 PM,New Orleans Pelicans,Dallas Mavericks,American Airlines Center,Regular Season
11/05/2025,9:00 PM,Miami Heat,Denver Nuggets,Ball Arena,Regular Season
11/05/2025,10:00 PM,Golden State Warriors,Sacramento Kings,Golden 1 Center,Regular Season
11/05/2025,10:00 PM,Oklahoma City Thunder,Portland Trail Blazers,Moda Center,Regular Season
11/05/2025,10:00 PM,San Antonio Spurs,Los Angeles Lakers,Crypto.com Arena,Regular Season
11/06/2025,9:00 PM,Los Angeles Clippers,Phoenix Suns,Footprint Center,Regular Season
11/07/2025,7:00 PM,Charlotte Hornets,Orlando Magic,Kia Center,NBA Cup Group Play
11/07/2025,7:00 PM,Indiana Pacers,New York Knicks,Madison Square Garden,NBA Cup Group Play
11/07/2025,7:30 PM,Atlanta Hawks,Detroit Pistons,Little Caesars Arena,NBA Cup Group Play
11/07/2025,7:30 PM,New Orleans Pelicans,Cleveland Cavaliers,Rocket Mortgage FieldHouse,NBA Cup Group Play
11/07/2025,8:00 PM,Boston Celtics,Milwaukee Bucks,Fiserv Forum,NBA Cup Group Play
11/07/2025,8:00 PM,Golden State Warriors,Oklahoma City Thunder,Paycom Center,NBA Cup Group Play
11/07/2025,9:00 PM,Dallas Mavericks,Denver Nuggets,Ball Arena,NBA Cup Group Play
11/07/2025,10:00 PM,Miami Heat,Phoenix Suns,Footprint Center,NBA Cup Group Play
11/07/2025,10:00 PM,Portland Trail Blazers,Sacramento Kings,Golden 1 Center,NBA Cup Group Play
11/07/2025,10:30 PM,Philadelphia 76ers,Los Angeles Clippers,Intuit Dome,NBA Cup Group Play
11/08/2025,7:00 PM,Dallas Mavericks,Washington Wizards,Capital One Arena,Regular Season
11/08/2025,7:30 PM,Toronto Raptors,Philadelphia 76ers,Wells Fargo Center,Regular Season
11/08/2025,8:00 PM,Chicago Bulls,Cleveland Cavaliers,Rocket Mortgage FieldHouse,Regular Season
11/08/2025,8:00 PM,Los Angeles Lakers,Atlanta Hawks,State Farm Arena,Regular Season
11/08/2025,8:00 PM,New Orleans Pelicans,San Antonio Spurs,Frost Bank Center,Regular Season
11/08/2025,8:00 PM,Portland Trail Blazers,Miami Heat,Kaseya Center,Regular Season
11/08/2025,9:00 PM,Indiana Pacers,Denver Nuggets,Ball Arena,Regular Season
11/08/2025,10:30 PM,Phoenix Suns,Los Angeles Clippers,Intuit Dome,Regular Season
11/09/2025,3:30 PM,Houston Rockets,Milwaukee Bucks,Fiserv Forum,Regular Season
11/09/2025,6:00 PM,Brooklyn Nets,New York Knicks,Madison Square Garden,Regular Season
11/09/2025,6:00 PM,Boston Celtics,Orlando Magic,Kia Center,Regular Season
11/09/2025,6:00 PM,Oklahoma City Thunder,Memphis Grizzlies,FedExForum,Regular Season
11/09/2025,7:30 PM,Detroit Pistons,Philadelphia 76ers,Wells Fargo Center,Regular Season
11/09/2025,8:30 PM,Indiana Pacers,Golden State Warriors,Chase Center,Regular Season
11/09/2025,9:00 PM,Minnesota Timberwolves,Sacramento Kings,Golden 1 Center,Regular Season
11/10/2025,7:00 PM,Washington Wizards,Detroit Pistons,Little Caesars Arena,Regular Season
11/10/2025,8:00 PM,Charlotte Hornets,Chicago Bulls,United Center,Regular Season
11/10/2025,8:00 PM,San Antonio Spurs,Houston Rockets,Toyota Center,Regular Season
11/10/2025,8:00 PM,Utah Jazz,Memphis Grizzlies,FedExForum,Regular Season
11/10/2025,9:30 PM,Brooklyn Nets,Dallas Mavericks,American Airlines Center,Regular Season
11/11/2025,7:00 PM,Toronto Raptors,Milwaukee Bucks,Fiserv Forum,Regular Season
11/11/2025,8:00 PM,Boston Celtics,Philadelphia 76ers,Wells Fargo Center,Regular Season
11/11/2025,11:00 PM,Denver Nuggets,Sacramento Kings,Golden 1 Center,Regular Season
11/12/2025,7:00 PM,Chicago Bulls,Detroit Pistons,Little Caesars Arena,Regular Season
11/12/2025,7:00 PM,Milwaukee Bucks,Charlotte Hornets,Spectrum Center,Regular Season
11/12/2025,7:00 PM,Orlando Magic,New York Knicks,Madison Square Garden,Regular Season
11/12/2025,7:30 PM,Cleveland Cavaliers,Miami Heat,Kaseya Center,Regular Season
11/12/2025,8:00 PM,Golden State Warriors,San Antonio Spurs,Frost Bank Center,Regular Season
11/12/2025,8:00 PM,Portland Trail Blazers,New Orleans Pelicans,Smoothie King Center,Regular Season
11/12/2025,8:00 PM,Washington Wizards,Houston Rockets,Toyota Center,Regular Season
11/12/2025,8:30 PM,Phoenix Suns,Dallas Mavericks,American Airlines Center,Regular Season
11/12/2025,9:30 PM,Los Angeles Lakers,Oklahoma City Thunder,Paycom Center,Regular Season
11/12/2025,10:00 PM,Atlanta Hawks,Sacramento Kings,Golden 1 Center,Regular Season
11/12/2025,10:30 PM,Denver Nuggets,Los Angeles Clippers,Intuit Dome,Regular Season
11/13/2025,7:00 PM,Toronto Raptors,Cleveland Cavaliers,Rocket Mortgage FieldHouse,Regular Season
11/13/2025,9:00 PM,Atlanta Hawks,Utah Jazz,Delta Center,Regular Season
11/13/2025,9:00 PM,Indiana Pacers,Phoenix Suns,Footprint Center,Regular Season
11/14/2025,7:00 PM,Brooklyn Nets,Orlando Magic,Kia Center,NBA Cup Group Play
11/14/2025,7:30 PM,Philadelphia 76ers,Detroit Pistons,Little Caesars Arena,NBA Cup Group Play
11/14/2025,8:00 PM,Houston Rockets,Portland Trail Blazers,Moda Center,NBA Cup Group Play
11/14/2025,8:00 PM,Milwaukee Bucks,Charlotte Hornets,Spectrum Center,NBA Cup Group Play
11/14/2025,10:00 PM,Los Angeles Lakers,New Orleans Pelicans,Smoothie King Center,NBA Cup Group Play
11/15/2025,5:00 PM,Memphis Grizzlies,Cleveland Cavaliers,Rocket Mortgage FieldHouse,Regular Season
11/15/2025,7:00 PM,Oklahoma City Thunder,Charlotte Hornets,Spectrum Center,Regular Season
11/15/2025,7:00 PM,Toronto Raptors,Indiana Pacers,Gainbridge Fieldhouse,Regular Season
11/15/2025,8:00 PM,Denver Nuggets,Minnesota Timberwolves,Target Center,Regular Season
11/15/2025,8:00 PM,Los Angeles Lakers,Milwaukee Bucks,Fiserv Forum,Regular Season
11/16/2025,3:30 PM,Los Angeles Clippers,Boston Celtics,TD Garden,Regular Season
11/16/2025,4:00 PM,Sacramento Kings,San Antonio Spurs,Frost Bank Center,Regular Season
11/16/2025,6:00 PM,Brooklyn Nets,Washington Wizards,Capital One Arena,Regular Season
11/16/2025,7:00 PM,Golden State Warriors,New Orleans Pelicans,Smoothie King Center,Regular Season
11/16/2025,7:00 PM,Orlando Magic,Houston Rockets,Toyota Center,Regular Season
11/16/2025,7:30 PM,Portland Trail Blazers,Dallas Mavericks,American Airlines Center,Regular Season
11/16/2025,8:00 PM,Atlanta Hawks,Phoenix Suns,Footprint Center,Regular Season
11/16/2025,8:00 PM,Chicago Bulls,Utah Jazz,Delta Center,Regular Season
11/17/2025,7:00 PM,Los Angeles Clippers,Philadelphia 76ers,Wells Fargo Center,Regular Season
11/17/2025,7:00 PM,Indiana Pacers,Detroit Pistons,Little Caesars Arena,Regular Season
11/17/2025,7:00 PM,Milwaukee Bucks,Cleveland Cavaliers,Rocket Mortgage FieldHouse,Regular Season
11/17/2025,7:30 PM,New York Knicks,Miami Heat,Kaseya Center,Regular Season
11/17/2025,7:30 PM,Charlotte Hornets,Toronto Raptors,Scotiabank Arena,Regular Season
11/17/2025,8:00 PM,Dallas Mavericks,Minnesota Timberwolves,Target Center,Regular Season
11/17/2025,8:00 PM,Oklahoma City Thunder,New Orleans Pelicans,Smoothie King Center,Regular Season
11/17/2025,9:00 PM,Chicago Bulls,Denver Nuggets,Ball Arena,Regular Season
11/18/2025,7:00 PM,Golden State Warriors,Orlando Magic,Kia Center,Regular Season
11/18/2025,7:30 PM,Boston Celtics,Brooklyn Nets,Barclays Center,Regular Season
11/18/2025,7:30 PM,Detroit Pistons,Atlanta Hawks,State Farm Arena,Regular Season
11/18/2025,8:00 PM,Memphis Grizzlies,San Antonio Spurs,Frost Bank Center,Regular Season
11/18/2025,10:30 PM,Utah Jazz,Los Angeles Lakers,Crypto.com Arena,Regular Season
11/18/2025,11:00 PM,Phoenix Suns,Portland Trail Blazers,Moda Center,Regular Season
11/19/2025,7:00 PM,Charlotte Hornets,Indiana Pacers,Gainbridge Fieldhouse,Regular Season
11/19/2025,7:00 PM,Houston Rockets,Cleveland Cavaliers,Rocket Mortgage FieldHouse,Regular Season
11/19/2025,7:00 PM,Toronto Raptors,Philadelphia 76ers,Wells Fargo Center,Regular Season
11/19/2025,7:30 PM,Golden State Warriors,Miami Heat,Kaseya Center,Regular Season
11/19/2025,8:00 PM,Denver Nuggets,New Orleans Pelicans,Smoothie King Center,Regular Season
11/19/2025,8:00 PM,Sacramento Kings,Oklahoma City Thunder,Paycom Center,Regular Season
11/19/2025,8:00 PM,Washington Wizards,Minnesota Timberwolves,Target Center,Regular Season
11/19/2025,9:30 PM,New York Knicks,Dallas Mavericks,American Airlines Center,Regular Season
11/19/2025,10:00 PM,Chicago Bulls,Portland Trail Blazers,Moda Center,Regular Season
11/20/2025,7:00 PM,Los Angeles Clippers,Orlando Magic,Kia Center,Regular Season
11/20/2025,8:00 PM,Atlanta Hawks,San Antonio Spurs,Frost Bank Center,Regular Season
11/20/2025,8:00 PM,Philadelphia 76ers,Milwaukee Bucks,Fiserv Forum,Regular Season
11/20/2025,8:00 PM,Sacramento Kings,Memphis Grizzlies,FedExForum,Regular Season
11/21/2025,7:00 PM,Cleveland Cavaliers,Indiana Pacers,Gainbridge Fieldhouse,NBA Cup Group Play
11/21/2025,7:30 PM,Brooklyn Nets,Boston Celtics,TD Garden,NBA Cup Group Play
11/21/2025,7:30 PM,Washington Wizards,Toronto Raptors,Scotiabank Arena,NBA Cup Group Play
11/21/2025,8:00 PM,Chicago Bulls,Miami Heat,Kaseya Center,NBA Cup Group Play
11/21/2025,8:30 PM,New Orleans Pelicans,Dallas Mavericks,American Airlines Center,NBA Cup Group Play
11/21/2025,9:00 PM,Minnesota Timberwolves,Phoenix Suns,Footprint Center,NBA Cup Group Play
11/21/2025,8:00 PM,Denver Nuggets,Houston Rockets,Toyota Center,NBA Cup Group Play
11/21/2025,9:30 PM,Utah Jazz,Oklahoma City Thunder,Paycom Center,NBA Cup Group Play
11/22/2025,1:00 PM,Los Angeles Clippers,Charlotte Hornets,Spectrum Center,Regular Season
11/22/2025,5:00 PM,New York Knicks,Orlando Magic,Kia Center,Regular Season
11/22/2025,7:00 PM,Atlanta Hawks,New Orleans Pelicans,Smoothie King Center,Regular Season
11/22/2025,8:00 PM,Detroit Pistons,Milwaukee Bucks,Fiserv Forum,Regular Season
11/22/2025,8:00 PM,Washington Wizards,Chicago Bulls,United Center,Regular Season
11/22/2025,8:30 PM,Memphis Grizzlies,Dallas Mavericks,American Airlines Center,Regular Season
11/23/2025,1:00 PM,Miami Heat,Philadelphia 76ers,Wells Fargo Center,Regular Season
11/23/2025,6:00 PM,Brooklyn Nets,Toronto Raptors,Scotiabank Arena,Regular Season
11/23/2025,6:00 PM,Orlando Magic,Boston Celtics,TD Garden,Regular Season
11/23/2025,6:00 PM,Charlotte Hornets,Atlanta Hawks,State Farm Arena,Regular Season
11/23/2025,6:00 PM,Los Angeles Clippers,Cleveland Cavaliers,Rocket Mortgage FieldHouse,Regular Season
11/23/2025,7:00 PM,Portland Trail Blazers,Oklahoma City Thunder,Paycom Center,Regular Season
11/24/2025,7:00 PM,Detroit Pistons,Indiana Pacers,Gainbridge Fieldhouse,Regular Season
11/24/2025,7:00 PM,Cleveland Cavaliers,Toronto Raptors,Scotiabank Arena,Regular Season
11/24/2025,7:30 PM,Dallas Mavericks,Miami Heat,Kaseya Center,Regular Season
11/24/2025,7:30 PM,New York Knicks,Brooklyn Nets,Barclays Center,Regular Season
11/24/2025,8:00 PM,Portland Trail Blazers,Milwaukee Bucks,Fiserv Forum,Regular Season
11/24/2025,8:00 PM,Denver Nuggets,Memphis Grizzlies,FedExForum,Regular Season
11/25/2025,7:00 PM,Washington Wizards,Atlanta Hawks,State Farm Arena,NBA Cup Group Play
11/25/2025,8:00 PM,Orlando Magic,Philadelphia 76ers,Wells Fargo Center,NBA Cup Group Play
11/25/2025,11:00 PM,Los Angeles Clippers,Los Angeles Lakers,Crypto.com Arena,NBA Cup Group Play
11/26/2025,5:00 PM,Detroit Pistons,Boston Celtics,TD Garden,NBA Cup Group Play
11/26/2025,7:00 PM,New York Knicks,Charlotte Hornets,Spectrum Center,NBA Cup Group Play
11/26/2025,7:30 PM,Milwaukee Bucks,Miami Heat,Kaseya Center,NBA Cup Group Play
11/26/2025,7:30 PM,Minnesota Timberwolves,Oklahoma City Thunder,Paycom Center,NBA Cup Group Play
11/26/2025,7:30 PM,Indiana Pacers,Toronto Raptors,Scotiabank Arena,NBA Cup Group Play
11/26/2025,8:00 PM,Memphis Grizzlies,New Orleans Pelicans,Smoothie King Center,NBA Cup Group Play
11/26/2025,10:00 PM,San Antonio Spurs,Portland Trail Blazers,Moda Center,NBA Cup Group Play
11/26/2025,10:00 PM,Houston Rockets,Golden State Warriors,Chase Center,NBA Cup Group Play
11/26/2025,10:00 PM,Phoenix Suns,Sacramento Kings,Golden 1 Center,NBA Cup Group Play
11/28/2025,7:30 PM,Orlando Magic,Detroit Pistons,Little Caesars Arena,NBA Cup Group Play
11/28/2025,7:30 PM,Philadelphia 76ers,Brooklyn Nets,Barclays Center,NBA Cup Group Play
11/28/2025,7:30 PM,Cleveland Cavaliers,Atlanta Hawks,State Farm Arena,NBA Cup Group Play
11/28/2025,7:30 PM,Chicago Bulls,Charlotte Hornets,Spectrum Center,NBA Cup Group Play
11/28/2025,7:30 PM,Milwaukee Bucks,New York Knicks,Madison Square Garden,NBA Cup Group Play
11/28/2025,7:30 PM,Washington Wizards,Indiana Pacers,Gainbridge Fieldhouse,NBA Cup Group Play
11/28/2025,10:00 PM,Dallas Mavericks,Los Angeles Lakers,Crypto.com Arena,NBA Cup Group Play
11/28/2025,10:30 PM,Memphis Grizzlies,Los Angeles Clippers,Intuit Dome,NBA Cup Group Play
11/29/2025,5:00 PM,Boston Celtics,Minnesota Timberwolves,Target Center,Regular Season
11/29/2025,6:00 PM,Toronto Raptors,Charlotte Hornets,Spectrum Center,Regular Season
11/29/2025,7:30 PM,Chicago Bulls,Indiana Pacers,Gainbridge Fieldhouse,Regular Season
11/29/2025,8:00 PM,Detroit Pistons,Miami Heat,Kaseya Center,Regular Season
11/29/2025,8:00 PM,Brooklyn Nets,Milwaukee Bucks,Fiserv Forum,Regular Season
11/29/2025,8:30 PM,New Orleans Pelicans,Golden State Warriors,Chase Center,Regular Season
11/29/2025,10:30 PM,Dallas Mavericks,Los Angeles Clippers,Intuit Dome,Regular Season
11/30/2025,3:00 PM,Houston Rockets,Utah Jazz,Delta Center,Regular Season
11/30/2025,6:00 PM,Atlanta Hawks,Philadelphia 76ers,Wells Fargo Center,Regular Season
11/30/2025,6:00 PM,Toronto Raptors,New York Knicks,Madison Square Garden,Regular Season
11/30/2025,6:00 PM,Oklahoma City Thunder,Portland Trail Blazers,Moda Center,Regular Season
11/30/2025,6:00 PM,Boston Celtics,Cleveland Cavaliers,Rocket Mortgage FieldHouse,Regular Season
11/30/2025,7:00 PM,San Antonio Spurs,Minnesota Timberwolves,Target Center,Regular Season
11/30/2025,9:30 PM,New Orleans Pelicans,Los Angeles Lakers,Crypto.com Arena,Regular Season
11/30/2025,8:00 PM,Memphis Grizzlies,Sacramento Kings,Golden 1 Center,Regular Season
12/01/2025,7:00 PM,Dallas Mavericks,Denver Nuggets,Ball Arena,Regular Season
12/01/2025,7:30 PM,Chicago Bulls,Orlando Magic,Kia Center,Regular Season
12/01/2025,7:30 PM,Milwaukee Bucks,Washington Wizards,Capital One Arena,Regular Season
12/01/2025,10:00 PM,Phoenix Suns,Los Angeles Lakers,Crypto.com Arena,Regular Season
12/02/2025,7:00 PM,Memphis Grizzlies,San Antonio Spurs,Frost Bank Center,Regular Season
12/02/2025,7:30 PM,New York Knicks,Boston Celtics,TD Garden,Regular Season
12/02/2025,7:30 PM,Portland Trail Blazers,Toronto Raptors,Scotiabank Arena,Regular Season
12/02/2025,8:00 PM,Oklahoma City Thunder,Golden State Warriors,Chase Center,Regular Season
12/03/2025,7:00 PM,Los Angeles Clippers,Atlanta Hawks,State Farm Arena,Regular Season
12/03/2025,7:00 PM,Charlotte Hornets,New York Knicks,Madison Square Garden,Regular Season
12/03/2025,7:00 PM,San Antonio Spurs,Orlando Magic,Kia Center,Regular Season
12/03/2025,8:00 PM,Sacramento Kings,Houston Rockets,Toyota Center,Regular Season
12/03/2025,10:00 PM,Utah Jazz,Phoenix Suns,Footprint Center,Regular Season
12/04/2025,7:30 PM,Utah Jazz,Brooklyn Nets,Barclays Center,Regular Season
12/04/2025,7:30 PM,Los Angeles Lakers,Toronto Raptors,Scotiabank Arena,Regular Season
12/04/2025,10:00 PM,Golden State Warriors,Philadelphia 76ers,Wells Fargo Center,Regular Season
12/05/2025,7:00 PM,Indiana Pacers,Chicago Bulls,United Center,Regular Season
12/05/2025,7:00 PM,Charlotte Hornets,Toronto Raptors,Scotiabank Arena,Regular Season
12/05/2025,7:30 PM,San Antonio Spurs,Cleveland Cavaliers,Rocket Mortgage FieldHouse,Regular Season
12/05/2025,8:00 PM,Philadelphia 76ers,Milwaukee Bucks,Fiserv Forum,Regular Season
12/05/2025,10:00 PM,Miami Heat,Orlando Magic,Kia Center,Regular Season
12/06/2025,8:00 PM,Sacramento Kings,Miami Heat,Kaseya Center,Regular Season
12/06/2025,8:30 PM,Houston Rockets,Dallas Mavericks,American Airlines Center,Regular Season
12/06/2025,10:00 PM,Golden State Warriors,Cleveland Cavaliers,Rocket Mortgage FieldHouse,Regular Season
12/07/2025,3:30 PM,Golden State Warriors,Chicago Bulls,United Center,Regular Season
12/07/2025,6:00 PM,Boston Celtics,Toronto Raptors,Scotiabank Arena,Regular Season
12/07/2025,6:00 PM,Los Angeles Lakers,Philadelphia 76ers,Wells Fargo Center,Regular Season
12/07/2025,9:00 PM,Oklahoma City Thunder,Utah Jazz,Delta Center,Regular Season
12/08/2025,,OFF DAY (Travel),OFF DAY (Travel),,No Games Scheduled
12/09/2025,,TBD,TBD,Home Market (Higher Seed),NBA Cup Quarterfinals
12/09/2025,,TBD,TBD,Home Market (Higher Seed),NBA Cup Quarterfinals
12/10/2025,,TBD,TBD,Home Market (Higher Seed),NBA Cup Quarterfinals
12/10/2025,,TBD,TBD,Home Market (Higher Seed),NBA Cup Quarterfinals
12/11/2025,,TBD,TBD,Multiple Venues,Regular Season (Non-Knockout Teams)
12/12/2025,,TBD,TBD,Multiple Venues,Regular Season (Non-Knockout Teams)
12/13/2025,,TBD (East Winner),TBD (East Winner),T-Mobile Arena (Las Vegas),NBA Cup Semifinals
12/13/2025,,TBD (West Winner),TBD (West Winner),T-Mobile Arena (Las Vegas),NBA Cup Semifinals
12/14/2025,,TBD,TBD,Multiple Venues,Regular Season (Non-Knockout Teams)
12/15/2025,,TBD,TBD,Multiple Venues,Regular Season (Non-Knockout Teams)
12/16/2025,9:00 PM,TBD (Semifinal Winner),TBD (Semifinal Winner),T-Mobile Arena (Las Vegas),NBA Cup Championship
12/17/2025,8:00 PM,Cleveland Cavaliers,Chicago Bulls,United Center,Regular Season
12/17/2025,8:00 PM,Washington Wizards,San Antonio Spurs,Frost Bank Center,Regular Season
12/17/2025,8:00 PM,Los Angeles Clippers,Oklahoma City Thunder,Paycom Center,Regular Season
12/17/2025,8:00 PM,Memphis Grizzlies,Minnesota Timberwolves,Target Center,Regular Season
12/18/2025,7:00 PM,New York Knicks,Indiana Pacers,Gainbridge Fieldhouse,Regular Season
12/18/2025,7:00 PM,Atlanta Hawks,Charlotte Hornets,Spectrum Center,Regular Season
12/18/2025,7:30 PM,Miami Heat,Brooklyn Nets,Barclays Center,Regular Season
12/18/2025,8:00 PM,Toronto Raptors,Milwaukee Bucks,Fiserv Forum,Regular Season
12/18/2025,8:00 PM,Houston Rockets,New Orleans Pelicans,Smoothie King Center,Regular Season
12/18/2025,8:30 PM,Detroit Pistons,Dallas Mavericks,American Airlines Center,Regular Season
12/19/2025,7:00 PM,Philadelphia 76ers,New York Knicks,Madison Square Garden,Regular Season
12/19/2025,7:00 PM,Miami Heat,Boston Celtics,TD Garden,Regular Season
12/19/2025,7:30 PM,Chicago Bulls,Cleveland Cavaliers,Rocket Mortgage FieldHouse,Regular Season
12/19/2025,7:30 PM,San Antonio Spurs,Atlanta Hawks,State Farm Arena,Regular Season
12/19/2025,9:30 PM,Oklahoma City Thunder,Minnesota Timberwolves,Target Center,Regular Season
12/20/2025,5:00 PM,Houston Rockets,Denver Nuggets,Ball Arena,Regular Season
12/20/2025,7:00 PM,Dallas Mavericks,Philadelphia 76ers,Wells Fargo Center,Regular Season
12/20/2025,7:00 PM,Indiana Pacers,New Orleans Pelicans,Smoothie King Center,Regular Season
12/20/2025,7:00 PM,Boston Celtics,Toronto Raptors,Scotiabank Arena,Regular Season
12/20/2025,7:30 PM,Charlotte Hornets,Detroit Pistons,Little Caesars Arena,Regular Season
12/20/2025,8:00 PM,Washington Wizards,Memphis Grizzlies,FedExForum,Regular Season
12/21/2025,3:30 PM,Chicago Bulls,Atlanta Hawks,State Farm Arena,Regular Season
12/21/2025,6:00 PM,Toronto Raptors,Brooklyn Nets,Barclays Center,Regular Season
12/21/2025,6:00 PM,Miami Heat,New York Knicks,Madison Square Garden,Regular Season
12/21/2025,7:00 PM,Milwaukee Bucks,Minnesota Timberwolves,Target Center,Regular Season
12/21/2025,7:00 PM,San Antonio Spurs,Washington Wizards,Capital One Arena,Regular Season
12/21/2025,10:00 PM,Houston Rockets,Sacramento Kings,Golden 1 Center,Regular Season
12/22/2025,7:00 PM,Charlotte Hornets,Cleveland Cavaliers,Rocket Mortgage FieldHouse,Regular Season
12/22/2025,7:30 PM,Indiana Pacers,Boston Celtics,TD Garden,Regular Season
12/22/2025,8:00 PM,Dallas Mavericks,New Orleans Pelicans,Smoothie King Center,Regular Season
12/22/2025,9:00 PM,Utah Jazz,Denver Nuggets,Ball Arena,Regular Season
12/22/2025,9:30 PM,Memphis Grizzlies,Oklahoma City Thunder,Paycom Center,Regular Season
12/22/2025,10:00 PM,Detroit Pistons,Portland Trail Blazers,Moda Center,Regular Season
12/23/2025,7:00 PM,Brooklyn Nets,Philadelphia 76ers,Wells Fargo Center,Regular Season
12/23/2025,7:00 PM,Washington Wizards,Charlotte Hornets,Spectrum Center,Regular Season
12/23/2025,7:30 PM,Toronto Raptors,Miami Heat,Kaseya Center,Regular Season
12/23/2025,7:30 PM,New Orleans Pelicans,Cleveland Cavaliers,Rocket Mortgage FieldHouse,Regular Season
12/23/2025,7:30 PM,Milwaukee Bucks,Indiana Pacers,Gainbridge Fieldhouse,Regular Season
12/23/2025,7:30 PM,Chicago Bulls,Atlanta Hawks,State Farm Arena,Regular Season
12/24/2025,,OFF DAY (Christmas Eve),OFF DAY (Christmas Eve),,No Games Scheduled
12/25/2025,12:00 PM,Cleveland Cavaliers,New York Knicks,Madison Square Garden,Christmas Day
12/25/2025,2:30 PM,San Antonio Spurs,Oklahoma City Thunder,Paycom Center,Christmas Day
12/25/2025,5:00 PM,Dallas Mavericks,Golden State Warriors,Chase Center,Christmas Day
12/25/2025,8:00 PM,Houston Rockets,Los Angeles Lakers,Crypto.com Arena,Christmas Day
12/25/2025,10:30 PM,Minnesota Timberwolves,Denver Nuggets,Ball Arena,Christmas Day
12/26/2025,7:00 PM,Miami Heat,Atlanta Hawks,State Farm Arena,Regular Season
12/26/2025,7:00 PM,Charlotte Hornets,Orlando Magic,Kia Center,Regular Season
12/26/2025,7:00 PM,Toronto Raptors,Washington Wizards,Capital One Arena,Regular Season
12/26/2025,7:30 PM,Boston Celtics,Indiana Pacers,Gainbridge Fieldhouse,Regular Season
12/26/2025,8:00 PM,Phoenix Suns,New Orleans Pelicans,Smoothie King Center,Regular Season
12/26/2025,8:00 PM,Milwaukee Bucks,Memphis Grizzlies,FedExForum,Regular Season
12/27/2025,5:00 PM,Dallas Mavericks,Sacramento Kings,Golden 1 Center,Regular Season
12/27/2025,7:00 PM,Phoenix Suns,New Orleans Pelicans,Smoothie King Center,Regular Season
12/27/2025,7:00 PM,Denver Nuggets,Orlando Magic,Kia Center,Regular Season
12/27/2025,8:00 PM,Cleveland Cavaliers,Houston Rockets,Toyota Center,Regular Season
12/27/2025,8:00 PM,New York Knicks,Atlanta Hawks,State Farm Arena,Regular Season
12/27/2025,8:00 PM,Milwaukee Bucks,Chicago Bulls,United Center,Regular Season
12/28/2025,3:30 PM,Philadelphia 76ers,Oklahoma City Thunder,Paycom Center,Regular Season
12/28/2025,3:30 PM,Golden State Warriors,Toronto Raptors,Scotiabank Arena,Regular Season
12/28/2025,6:00 PM,Memphis Grizzlies,Washington Wizards,Capital One Arena,Regular Season
12/28/2025,6:00 PM,Boston Celtics,Portland Trail Blazers,Moda Center,Regular Season
12/28/2025,9:00 PM,Detroit Pistons,Los Angeles Clippers,Intuit Dome,Regular Season
12/28/2025,9:30 PM,Sacramento Kings,Los Angeles Lakers,Crypto.com Arena,Regular Season
12/29/2025,7:00 PM,Milwaukee Bucks,Charlotte Hornets,Spectrum Center,Regular Season
12/29/2025,7:00 PM,Phoenix Suns,Washington Wizards,Capital One Arena,Regular Season
12/29/2025,7:30 PM,Golden State Warriors,Brooklyn Nets,Barclays Center,Regular Season
12/29/2025,7:30 PM,Denver Nuggets,Miami Heat,Kaseya Center,Regular Season
12/29/2025,7:30 PM,Orlando Magic,Toronto Raptors,Scotiabank Arena,Regular Season
12/29/2025,8:00 PM,Indiana Pacers,Houston Rockets,Toyota Center,Regular Season
12/30/2025,8:00 PM,Philadelphia 76ers,Memphis Grizzlies,FedExForum,Regular Season
12/30/2025,9:00 PM,Boston Celtics,Utah Jazz,Delta Center,Regular Season
12/30/2025,10:30 PM,Detroit Pistons,Los Angeles Lakers,Crypto.com Arena,Regular Season
12/30/2025,11:00 PM,Sacramento Kings,Los Angeles Clippers,Intuit Dome,Regular Season
12/31/2025,1:00 PM,Golden State Warriors,Charlotte Hornets,Spectrum Center,Regular Season
12/31/2025,3:00 PM,Minnesota Timberwolves,Atlanta Hawks,State Farm Arena,Regular Season
12/31/2025,3:00 PM,Orlando Magic,Indiana Pacers,Gainbridge Fieldhouse,Regular Season
12/31/2025,3:30 PM,Phoenix Suns,Cleveland Cavaliers,Rocket Mortgage FieldHouse,Regular Season
12/31/2025,7:00 PM,New York Knicks,San Antonio Spurs,Frost Bank Center,Regular Season
12/31/2025,7:00 PM,New Orleans Pelicans,Chicago Bulls,United Center,Regular Season
01/01/2026,6:00 PM,Houston Rockets,Brooklyn Nets,Barclays Center,Regular Season
01/01/2026,7:00 PM,Miami Heat,Detroit Pistons,Little Caesars Arena,Regular Season
01/01/2026,8:30 PM,Philadelphia 76ers,Dallas Mavericks,American Airlines Center,Regular Season
01/01/2026,10:00 PM,Boston Celtics,Sacramento Kings,Golden 1 Center,Regular Season
01/01/2026,10:30 PM,Utah Jazz,Los Angeles Clippers,Intuit Dome,Regular Season
01/02/2026,7:00 PM,San Antonio Spurs,Indiana Pacers,Gainbridge Fieldhouse,Regular Season
01/02/2026,7:00 PM,Brooklyn Nets,Washington Wizards,Capital One Arena,Regular Season
01/02/2026,7:30 PM,Denver Nuggets,Cleveland Cavaliers,Rocket Mortgage FieldHouse,Regular Season
01/02/2026,7:30 PM,Atlanta Hawks,New York Knicks,Madison Square Garden,Regular Season
01/02/2026,8:00 PM,Orlando Magic,Chicago Bulls,United Center,Regular Season
01/02/2026,8:00 PM,Charlotte Hornets,Milwaukee Bucks,Fiserv Forum,Regular Season
01/02/2026,8:00 PM,Portland Trail Blazers,New Orleans Pelicans,Smoothie King Center,Regular Season
01/02/2026,9:00 PM,Sacramento Kings,Phoenix Suns,Footprint Center,Regular Season
01/02/2026,10:00 PM,Oklahoma City Thunder,Golden State Warriors,Chase Center,Regular Season
01/02/2026,10:30 PM,Memphis Grizzlies,Los Angeles Lakers,Crypto.com Arena,Regular Season
01/03/2026,5:00 PM,Minnesota Timberwolves,Miami Heat,Kaseya Center,Regular Season
01/03/2026,7:30 PM,Philadelphia 76ers,New York Knicks,Madison Square Garden,Regular Season
01/03/2026,7:30 PM,Atlanta Hawks,Toronto Raptors,Scotiabank Arena,Regular Season
01/03/2026,8:00 PM,Charlotte Hornets,Chicago Bulls,United Center,Regular Season
01/03/2026,8:00 PM,Portland Trail Blazers,San Antonio Spurs,Frost Bank Center,Regular Season
01/03/2026,8:30 PM,Houston Rockets,Dallas Mavericks,American Airlines Center,Regular Season
01/03/2026,10:00 PM,Utah Jazz,Golden State Warriors,Chase Center,Regular Season
01/03/2026,10:30 PM,Boston Celtics,Los Angeles Clippers,Intuit Dome,Regular Season
01/04/2026,2:00 PM,Detroit Pistons,Cleveland Cavaliers,Rocket Mortgage FieldHouse,Regular Season
01/04/2026,3:00 PM,Indiana Pacers,Orlando Magic,Kia Center,Regular Season
01/04/2026,3:30 PM,Denver Nuggets,Brooklyn Nets,Barclays Center,Regular Season
01/04/2026,6:00 PM,New Orleans Pelicans,Miami Heat,Kaseya Center,Regular Season
01/04/2026,6:00 PM,Minnesota Timberwolves,Washington Wizards,Capital One Arena,Regular Season
01/07/2026,7:00 PM,Chicago Bulls,Detroit Pistons,Little Caesars Arena,Regular Season
01/07/2026,7:00 PM,Washington Wizards,Philadelphia 76ers,Wells Fargo Center,Regular Season
01/07/2026,7:30 PM,Los Angeles Clippers,New York Knicks,Madison Square Garden,Regular Season
01/07/2026,7:30 PM,New Orleans Pelicans,Atlanta Hawks,State Farm Arena,Regular Season
01/07/2026,10:00 PM,Houston Rockets,Portland Trail Blazers,Moda Center,Regular Season
01/10/2026,1:00 PM,Cleveland Cavaliers,Minnesota Timberwolves,Target Center,Regular Season
01/10/2026,7:00 PM,Indiana Pacers,Miami Heat,Kaseya Center,Regular Season
01/10/2026,7:30 PM,Detroit Pistons,Los Angeles Clippers,Intuit Dome,Regular Season
01/10/2026,8:00 PM,Boston Celtics,San Antonio Spurs,Frost Bank Center,Regular Season
01/10/2026,8:00 PM,Chicago Bulls,Dallas Mavericks,American Airlines Center,Regular Season
01/14/2026,7:00 PM,Philadelphia 76ers,Cleveland Cavaliers,Rocket Mortgage FieldHouse,Regular Season
01/14/2026,7:00 PM,Toronto Raptors,Indiana Pacers,Gainbridge Fieldhouse,Regular Season
01/14/2026,8:00 PM,Utah Jazz,Chicago Bulls,United Center,Regular Season
01/14/2026,9:30 PM,Denver Nuggets,Dallas Mavericks,American Airlines Center,Regular Season
01/14/2026,10:00 PM,New York Knicks,Sacramento Kings,Golden 1 Center,Regular Season
01/15/2026,2:00 PM,Orlando Magic,Memphis Grizzlies,Uber Arena (Berlin),NBA Berlin Game
01/18/2026,3:00 PM,Orlando Magic,Memphis Grizzlies,The O2 Arena (London),NBA London Game
01/19/2026,1:00 PM,Milwaukee Bucks,Atlanta Hawks,State Farm Arena,Regular Season
01/19/2026,2:30 PM,Oklahoma City Thunder,Cleveland Cavaliers,Rocket Mortgage FieldHouse,Regular Season
01/19/2026,5:00 PM,Dallas Mavericks,New York Knicks,Madison Square Garden,Regular Season
01/19/2026,8:00 PM,Boston Celtics,Detroit Pistons,Little Caesars Arena,Regular Season
01/21/2026,7:00 PM,Cleveland Cavaliers,Charlotte Hornets,Spectrum Center,Regular Season
01/21/2026,7:30 PM,Indiana Pacers,Boston Celtics,TD Garden,Regular Season
01/21/2026,7:30 PM,Brooklyn Nets,New York Knicks,Madison Square Garden,Regular Season
01/21/2026,8:00 PM,Atlanta Hawks,Memphis Grizzlies,FedExForum,Regular Season
01/21/2026,9:30 PM,Oklahoma City Thunder,Milwaukee Bucks,Fiserv Forum,Regular Season
01/23/2026,7:00 PM,Houston Rockets,Detroit Pistons,Little Caesars Arena,Regular Season
01/23/2026,7:30 PM,Sacramento Kings,Cleveland Cavaliers,Rocket Mortgage FieldHouse,Regular Season
01/23/2026,7:30 PM,Boston Celtics,Brooklyn Nets,Barclays Center,Regular Season
01/23/2026,8:00 PM,Denver Nuggets,Milwaukee Bucks,Fiserv Forum,Regular Season
01/23/2026,8:00 PM,New Orleans Pelicans,Memphis Grizzlies,FedExForum,Regular Season
01/24/2026,12:00 PM,New York Knicks,Philadelphia 76ers,Wells Fargo Center,NBA Rivals Week
01/24/2026,2:30 PM,Golden State Warriors,Minnesota Timberwolves,Target Center,NBA Rivals Week
01/24/2026,5:30 PM,Los Angeles Lakers,Dallas Mavericks,American Airlines Center,NBA Rivals Week
01/26/2026,4:00 PM,Orlando Magic,Cleveland Cavaliers,Rocket Mortgage FieldHouse,Regular Season
01/26/2026,4:00 PM,Philadelphia 76ers,Charlotte Hornets,Spectrum Center,Regular Season
01/26/2026,5:00 PM,Los Angeles Lakers,Chicago Bulls,United Center,Regular Season
01/26/2026,5:00 PM,Portland Trail Blazers,Boston Celtics,TD Garden,Regular Season
01/26/2026,6:30 PM,Golden State Warriors,Minnesota Timberwolves,Target Center,Regular Season
01/27/2026,4:30 PM,Sacramento Kings,New York Knicks,Madison Square Garden,Regular Season
01/27/2026,5:00 PM,Milwaukee Bucks,Philadelphia 76ers,Wells Fargo Center,Regular Season
01/27/2026,5:00 PM,New Orleans Pelicans,Oklahoma City Thunder,Paycom Center,Regular Season
01/28/2026,7:00 PM,Los Angeles Lakers,Cleveland Cavaliers,Rocket Mortgage FieldHouse,Regular Season
01/28/2026,7:00 PM,Chicago Bulls,Indiana Pacers,Gainbridge Fieldhouse,Regular Season
01/28/2026,7:30 PM,Atlanta Hawks,Boston Celtics,TD Garden,Regular Season
01/28/2026,7:30 PM,Orlando Magic,Miami Heat,Kaseya Center,Regular Season
01/28/2026,7:30 PM,New York Knicks,Toronto Raptors,Scotiabank Arena,Regular Season
01/28/2026,9:30 PM,San Antonio Spurs,Houston Rockets,Toyota Center,Regular Season
01/29/2026,7:00 PM,Milwaukee Bucks,Washington Wizards,Capital One Arena,Regular Season
01/29/2026,7:00 PM,Sacramento Kings,Philadelphia 76ers,Wells Fargo Center,Regular Season
01/29/2026,7:30 PM,Houston Rockets,Atlanta Hawks,State Farm Arena,Regular Season
01/29/2026,8:00 PM,Brooklyn Nets,Denver Nuggets,Ball Arena,Regular Season
01/30/2026,7:00 PM,Los Angeles Lakers,Washington Wizards,Capital One Arena,Regular Season
01/30/2026,7:00 PM,Toronto Raptors,Orlando Magic,Kia Center,Regular Season
01/30/2026,7:30 PM,Sacramento Kings,Boston Celtics,TD Garden,Regular Season
01/30/2026,7:30 PM,Portland Trail Blazers,New York Knicks,Madison Square Garden,Regular Season
01/30/2026,7:30 PM,Memphis Grizzlies,New Orleans Pelicans,Smoothie King Center,Regular Season
01/30/2026,8:00 PM,Chicago Bulls,Miami Heat,Kaseya Center,Regular Season
01/30/2026,10:00 PM,Los Angeles Clippers,Denver Nuggets,Ball Arena,Regular Season
01/31/2026,3:00 PM,San Antonio Spurs,Charlotte Hornets,Spectrum Center,Regular Season
01/31/2026,7:00 PM,Atlanta Hawks,Indiana Pacers,Gainbridge Fieldhouse,Regular Season
01/31/2026,7:30 PM,New Orleans Pelicans,Philadelphia 76ers,Wells Fargo Center,Regular Season
01/31/2026,8:00 PM,Minnesota Timberwolves,Memphis Grizzlies,FedExForum,Regular Season
01/31/2026,8:30 PM,Dallas Mavericks,Houston Rockets,Toyota Center,Regular Season
02/01/2026,3:30 PM,Milwaukee Bucks,Boston Celtics,TD Garden,Regular Season
02/01/2026,4:00 PM,Orlando Magic,San Antonio Spurs,Frost Bank Center,Regular Season
02/01/2026,6:00 PM,Brooklyn Nets,Detroit Pistons,Little Caesars Arena,Regular Season
02/01/2026,6:00 PM,Chicago Bulls,Miami Heat,Kaseya Center,Regular Season
02/01/2026,6:00 PM,Utah Jazz,Toronto Raptors,Scotiabank Arena,Regular Season
02/01/2026,6:00 PM,Sacramento Kings,Washington Wizards,Capital One Arena,Regular Season
02/01/2026,7:00 PM,Los Angeles Lakers,New York Knicks,Madison Square Garden,Regular Season
02/01/2026,8:00 PM,Los Angeles Clippers,Phoenix Suns,Footprint Center,Regular Season
02/01/2026,9:00 PM,Cleveland Cavaliers,Portland Trail Blazers,Moda Center,Regular Season
02/01/2026,9:30 PM,Oklahoma City Thunder,Denver Nuggets,Ball Arena,Regular Season
02/02/2026,7:00 PM,New Orleans Pelicans,Charlotte Hornets,Spectrum Center,Regular Season
02/02/2026,7:00 PM,Houston Rockets,Indiana Pacers,Gainbridge Fieldhouse,Regular Season
02/02/2026,9:30 PM,Minnesota Timberwolves,Memphis Grizzlies,FedExForum,Regular Season
02/02/2026,10:30 PM,Philadelphia 76ers,Los Angeles Clippers,Intuit Dome,Regular Season
02/03/2026,7:00 PM,Denver Nuggets,Detroit Pistons,Little Caesars Arena,Regular Season
02/03/2026,7:00 PM,Utah Jazz,Indiana Pacers,Gainbridge Fieldhouse,Regular Season
02/03/2026,7:00 PM,New York Knicks,Washington Wizards,Capital One Arena,Regular Season
02/03/2026,7:30 PM,Los Angeles Lakers,Brooklyn Nets,Barclays Center,Regular Season
02/03/2026,7:30 PM,Atlanta Hawks,Miami Heat,Kaseya Center,Regular Season
02/03/2026,8:00 PM,Boston Celtics,Dallas Mavericks,American Airlines Center,Regular Season
02/03/2026,8:00 PM,Chicago Bulls,Milwaukee Bucks,Fiserv Forum,Regular Season
02/03/2026,8:00 PM,Orlando Magic,Oklahoma City Thunder,Paycom Center,Regular Season
02/03/2026,10:00 PM,Philadelphia 76ers,Golden State Warriors,Chase Center,Regular Season
02/03/2026,11:00 PM,Phoenix Suns,Portland Trail Blazers,Moda Center,Regular Season
02/04/2026,7:00 PM,Denver Nuggets,New York Knicks,Madison Square Garden,Regular Season
02/04/2026,7:30 PM,Minnesota Timberwolves,Toronto Raptors,Scotiabank Arena,Regular Season
02/04/2026,8:00 PM,Boston Celtics,Houston Rockets,Toyota Center,Regular Season
02/04/2026,8:00 PM,New Orleans Pelicans,Milwaukee Bucks,Fiserv Forum,Regular Season
02/05/2026,3:00 PM,,,,NBA Trade Deadline
02/05/2026,4:00 PM,Brooklyn Nets,Orlando Magic,Kia Center,Regular Season
02/05/2026,4:00 PM,Washington Wizards,Detroit Pistons,Little Caesars Arena,Regular Season
02/05/2026,4:30 PM,Utah Jazz,Atlanta Hawks,State Farm Arena,Regular Season
02/05/2026,4:30 PM,Chicago Bulls,Toronto Raptors,Scotiabank Arena,Regular Season
02/05/2026,5:00 PM,Charlotte Hornets,Houston Rockets,Toyota Center,Regular Season
02/05/2026,5:30 PM,San Antonio Spurs,Dallas Mavericks,American Airlines Center,Regular Season
02/05/2026,6:00 PM,Golden State Warriors,Phoenix Suns,Footprint Center,Regular Season
02/05/2026,7:00 PM,Philadelphia 76ers,Los Angeles Lakers,Crypto.com Arena,Regular Season
02/06/2026,4:30 PM,Miami Heat,Boston Celtics,TD Garden,Regular Season
02/06/2026,4:30 PM,New York Knicks,Detroit Pistons,Little Caesars Arena,Regular Season
02/06/2026,5:00 PM,Indiana Pacers,Milwaukee Bucks,Fiserv Forum,Regular Season
02/06/2026,5:00 PM,New Orleans Pelicans,Minnesota Timberwolves,Target Center,Regular Season
02/06/2026,7:00 PM,Los Angeles Clippers,Sacramento Kings,Golden 1 Center,Regular Season
02/06/2026,7:00 PM,Memphis Grizzlies,Portland Trail Blazers,Moda Center,Regular Season
02/07/2026,3:00 PM,Brooklyn Nets,Washington Wizards,Capital One Arena,Regular Season
02/07/2026,3:30 PM,Oklahoma City Thunder,Houston Rockets,Toyota Center,Regular Season
02/07/2026,6:00 PM,San Antonio Spurs,Dallas Mavericks,American Airlines Center,Regular Season
02/07/2026,7:00 PM,Orlando Magic,Utah Jazz,Delta Center,Regular Season
02/07/2026,7:30 PM,Atlanta Hawks,Charlotte Hornets,Spectrum Center,Regular Season
02/07/2026,8:00 PM,Chicago Bulls,Denver Nuggets,Ball Arena,Regular Season
02/08/2026,12:30 PM,Boston Celtics,New York Knicks,Madison Square Garden,Regular Season
02/08/2026,2:00 PM,Washington Wizards,Miami Heat,Kaseya Center,Regular Season
02/08/2026,3:00 PM,Toronto Raptors,Indiana Pacers,Gainbridge Fieldhouse,Regular Season
02/08/2026,3:00 PM,Minnesota Timberwolves,Los Angeles Clippers,Intuit Dome,Regular Season
02/09/2026,7:00 PM,Detroit Pistons,Charlotte Hornets,Spectrum Center,Regular Season
02/09/2026,7:30 PM,Milwaukee Bucks,Orlando Magic,Kia Center,Regular Season
02/09/2026,7:30 PM,Utah Jazz,Miami Heat,Kaseya Center,Regular Season
02/09/2026,7:30 PM,Chicago Bulls,Brooklyn Nets,Barclays Center,Regular Season
02/09/2026,8:00 PM,Sacramento Kings,New Orleans Pelicans,Smoothie King Center,Regular Season
02/09/2026,8:00 PM,Atlanta Hawks,Minnesota Timberwolves,Target Center,Regular Season
02/10/2026,7:30 PM,Indiana Pacers,New York Knicks,Madison Square Garden,Regular Season
02/10/2026,8:00 PM,Los Angeles Clippers,Houston Rockets,Toyota Center,Regular Season
02/10/2026,9:00 PM,Dallas Mavericks,Phoenix Suns,Footprint Center,Regular Season
02/10/2026,10:30 PM,San Antonio Spurs,Los Angeles Lakers,Crypto.com Arena,Regular Season
02/11/2026,4:00 PM,Atlanta Hawks,Charlotte Hornets,Spectrum Center,Regular Season
02/11/2026,4:00 PM,Milwaukee Bucks,Orlando Magic,Kia Center,Regular Season
02/11/2026,4:00 PM,Washington Wizards,Cleveland Cavaliers,Rocket Mortgage FieldHouse,Regular Season
02/11/2026,4:30 PM,Chicago Bulls,Boston Celtics,TD Garden,Regular Season
02/11/2026,4:30 PM,Indiana Pacers,Brooklyn Nets,Barclays Center,Regular Season
02/11/2026,4:30 PM,Detroit Pistons,Toronto Raptors,Scotiabank Arena,Regular Season
02/11/2026,4:30 PM,New York Knicks,Philadelphia 76ers,Wells Fargo Center,Regular Season
02/11/2026,5:00 PM,Los Angeles Clippers,Houston Rockets,Toyota Center,Regular Season
02/11/2026,5:00 PM,Portland Trail Blazers,Minnesota Timberwolves,Target Center,Regular Season
02/11/2026,5:00 PM,Miami Heat,New Orleans Pelicans,Smoothie King Center,Regular Season
02/11/2026,6:00 PM,Sacramento Kings,Utah Jazz,Delta Center,Regular Season
02/11/2026,6:00 PM,Oklahoma City Thunder,Phoenix Suns,Footprint Center,Regular Season
02/11/2026,7:00 PM,San Antonio Spurs,Golden State Warriors,Chase Center,Regular Season
02/11/2026,7:00 PM,Memphis Grizzlies,Denver Nuggets,Ball Arena,Regular Season
02/12/2026,7:30 PM,Milwaukee Bucks,Oklahoma City Thunder,Paycom Center,Regular Season
02/12/2026,9:00 PM,Utah Jazz,Portland Trail Blazers,Moda Center,Regular Season
02/12/2026,10:00 PM,Los Angeles Lakers,Dallas Mavericks,American Airlines Center,Regular Season
02/13/2026,9:00 PM,Team Pau/Tamika/Jalen,Team Detlef,Intuit Dome,NBA Rising Stars (All-Star Wknd)
02/14/2026,8:00 PM,TBD,TBD,Intuit Dome,All-Star Saturday Night
02/15/2026,8:00 PM,East All-Stars,West All-Stars,Intuit Dome,2026 NBA All-Star Game
02/19/2026,7:00 PM,Brooklyn Nets,Cleveland Cavaliers,Rocket Mortgage FieldHouse,Regular Season
02/19/2026,7:00 PM,Indiana Pacers,Washington Wizards,Capital One Arena,Regular Season
02/19/2026,7:00 PM,Atlanta Hawks,Philadelphia 76ers,Wells Fargo Center,Regular Season
02/19/2026,7:00 PM,Houston Rockets,Charlotte Hornets,Spectrum Center,Regular Season
02/19/2026,7:30 PM,Detroit Pistons,New York Knicks,Madison Square Garden,Regular Season
02/19/2026,8:00 PM,Toronto Raptors,Chicago Bulls,United Center,Regular Season
02/20/2026,7:00 PM,Cleveland Cavaliers,Charlotte Hornets,Spectrum Center,Regular Season
02/20/2026,7:00 PM,Indiana Pacers,Washington Wizards,Capital One Arena,Regular Season
02/20/2026,7:00 PM,Utah Jazz,Memphis Grizzlies,FedExForum,Regular Season
02/20/2026,7:30 PM,Miami Heat,Atlanta Hawks,State Farm Arena,Regular Season
02/20/2026,7:30 PM,Dallas Mavericks,Minnesota Timberwolves,Target Center,Regular Season
02/20/2026,8:00 PM,Milwaukee Bucks,New Orleans Pelicans,Smoothie King Center,Regular Season
02/21/2026,5:00 PM,Phoenix Suns,Orlando Magic,Kia Center,Regular Season
02/21/2026,7:00 PM,Philadelphia 76ers,New Orleans Pelicans,Smoothie King Center,Regular Season
02/21/2026,8:00 PM,Sacramento Kings,San Antonio Spurs,Frost Bank Center,Regular Season
02/21/2026,8:00 PM,Detroit Pistons,Chicago Bulls,United Center,Regular Season
02/21/2026,8:00 PM,Memphis Grizzlies,Miami Heat,Kaseya Center,Regular Season
02/21/2026,8:30 PM,Houston Rockets,New York Knicks,Madison Square Garden,Regular Season
02/22/2026,10:00 AM,Cleveland Cavaliers,Oklahoma City Thunder,Paycom Center,Regular Season
02/22/2026,12:30 PM,Brooklyn Nets,Atlanta Hawks,State Farm Arena,Regular Season
02/22/2026,12:30 PM,Denver Nuggets,Golden State Warriors,Chase Center,Regular Season
02/22/2026,12:30 PM,Toronto Raptors,Milwaukee Bucks,Fiserv Forum,Regular Season
02/22/2026,2:00 PM,Dallas Mavericks,Indiana Pacers,Gainbridge Fieldhouse,Regular Season
02/22/2026,3:00 PM,Charlotte Hornets,Washington Wizards,Capital One Arena,Regular Season
02/22/2026,3:30 PM,Boston Celtics,Los Angeles Lakers,Crypto.com Arena,Regular Season
02/22/2026,4:00 PM,Philadelphia 76ers,Minnesota Timberwolves,Target Center,Regular Season
02/22/2026,5:00 PM,New York Knicks,Chicago Bulls,United Center,Regular Season
02/22/2026,5:00 PM,Portland Trail Blazers,Phoenix Suns,Footprint Center,Regular Season
02/22/2026,6:00 PM,Orlando Magic,Los Angeles Clippers,Intuit Dome,Regular Season
02/23/2026,7:00 PM,San Antonio Spurs,Detroit Pistons,Little Caesars Arena,Regular Season
02/23/2026,8:00 PM,Sacramento Kings,Memphis Grizzlies,FedExForum,Regular Season
02/23/2026,9:30 PM,Utah Jazz,Houston Rockets,Toyota Center,Regular Season
02/24/2026,7:00 PM,Philadelphia 76ers,Indiana Pacers,Gainbridge Fieldhouse,Regular Season
02/24/2026,7:30 PM,Oklahoma City Thunder,Toronto Raptors,Scotiabank Arena,Regular Season
02/24/2026,7:30 PM,Washington Wizards,Atlanta Hawks,State Farm Arena,Regular Season
02/24/2026,7:30 PM,Dallas Mavericks,Brooklyn Nets,Barclays Center,Regular Season
02/24/2026,8:00 PM,New York Knicks,Cleveland Cavaliers,Rocket Mortgage FieldHouse,Regular Season
02/24/2026,8:00 PM,Miami Heat,Milwaukee Bucks,Fiserv Forum,Regular Season
02/25/2026,7:00 PM,Oklahoma City Thunder,Detroit Pistons,Little Caesars Arena,Regular Season
02/25/2026,7:30 PM,Golden State Warriors,Memphis Grizzlies,FedExForum,Regular Season
02/25/2026,7:30 PM,San Antonio Spurs,Toronto Raptors,Scotiabank Arena,Regular Season
02/25/2026,8:00 PM,Cleveland Cavaliers,Milwaukee Bucks,Fiserv Forum,Regular Season
02/25/2026,8:00 PM,Sacramento Kings,Houston Rockets,Toyota Center,Regular Season
02/25/2026,10:00 PM,Boston Celtics,Denver Nuggets,Ball Arena,Regular Season
02/26/2026,7:00 PM,Charlotte Hornets,Indiana Pacers,Gainbridge Fieldhouse,Regular Season
02/26/2026,7:00 PM,Miami Heat,Philadelphia 76ers,Wells Fargo Center,Regular Season
02/26/2026,7:30 PM,Houston Rockets,Orlando Magic,Kia Center,Regular Season
02/26/2026,7:30 PM,San Antonio Spurs,Brooklyn Nets,Barclays Center,Regular Season
02/26/2026,7:30 PM,Washington Wizards,Atlanta Hawks,State Farm Arena,Regular Season
02/26/2026,8:00 PM,Portland Trail Blazers,Chicago Bulls,United Center,Regular Season
02/27/2026,7:00 PM,Cleveland Cavaliers,Detroit Pistons,Little Caesars Arena,Regular Season
02/27/2026,7:30 PM,Brooklyn Nets,Boston Celtics,TD Garden,Regular Season
02/27/2026,8:00 PM,New York Knicks,Milwaukee Bucks,Fiserv Forum,Regular Season
02/27/2026,8:30 PM,Memphis Grizzlies,Dallas Mavericks,American Airlines Center,Regular Season
02/27/2026,9:30 PM,Denver Nuggets,Oklahoma City Thunder,Paycom Center,Regular Season
02/28/2026,1:00 PM,Portland Trail Blazers,Charlotte Hornets,Spectrum Center,Regular Season
02/28/2026,3:00 PM,Houston Rockets,Miami Heat,Kaseya Center,Regular Season
02/28/2026,7:00 PM,Toronto Raptors,Washington Wizards,Capital One Arena,Regular Season
02/28/2026,8:30 PM,Los Angeles Lakers,Golden State Warriors,Chase Center,Regular Season
02/28/2026,9:30 PM,New Orleans Pelicans,Utah Jazz,Delta Center,Regular Season
03/01/2026,1:00 PM,San Antonio Spurs,New York Knicks,Madison Square Garden,Regular Season
03/01/2026,3:30 PM,Minnesota Timberwolves,Denver Nuggets,Ball Arena,Regular Season
03/01/2026,3:30 PM,Cleveland Cavaliers,Brooklyn Nets,Barclays Center,Regular Season
03/01/2026,3:30 PM,Milwaukee Bucks,Chicago Bulls,United Center,Regular Season
03/01/2026,5:00 PM,Memphis Grizzlies,Indiana Pacers,Gainbridge Fieldhouse,Regular Season
03/01/2026,6:00 PM,Portland Trail Blazers,Atlanta Hawks,State Farm Arena,Regular Season
03/01/2026,6:00 PM,Philadelphia 76ers,Boston Celtics,TD Garden,Regular Season
03/01/2026,6:30 PM,Oklahoma City Thunder,Dallas Mavericks,American Airlines Center,Regular Season
03/01/2026,9:30 PM,Sacramento Kings,Los Angeles Lakers,Crypto.com Arena,Regular Season
03/02/2026,7:00 PM,Utah Jazz,Denver Nuggets,Ball Arena,Regular Season
03/02/2026,7:30 PM,Boston Celtics,Milwaukee Bucks,Fiserv Forum,Regular Season
03/02/2026,10:00 PM,Los Angeles Clippers,Golden State Warriors,Chase Center,Regular Season
03/03/2026,7:00 PM,Oklahoma City Thunder,Chicago Bulls,United Center,Regular Season
03/03/2026,7:30 PM,San Antonio Spurs,Philadelphia 76ers,Wells Fargo Center,Regular Season
03/03/2026,7:30 PM,Brooklyn Nets,Miami Heat,Kaseya Center,Regular Season
03/03/2026,7:30 PM,New York Knicks,Toronto Raptors,Scotiabank Arena,Regular Season
03/03/2026,7:30 PM,New Orleans Pelicans,Los Angeles Lakers,Crypto.com Arena,Regular Season
03/03/2026,8:00 PM,Minnesota Timberwolves,Memphis Grizzlies,FedExForum,Regular Season
03/04/2026,7:00 PM,Oklahoma City Thunder,New York Knicks,Madison Square Garden,Regular Season
03/04/2026,7:30 PM,Charlotte Hornets,Boston Celtics,TD Garden,Regular Season
03/04/2026,7:30 PM,Los Angeles Clippers,Indiana Pacers,Gainbridge Fieldhouse,Regular Season
03/05/2026,7:30 PM,Houston Rockets,Golden State Warriors,Chase Center,Regular Season
03/05/2026,10:00 PM,Los Angeles Lakers,Denver Nuggets,Ball Arena,Regular Season
03/06/2026,7:00 PM,Dallas Mavericks,Boston Celtics,TD Garden,Regular Season
03/06/2026,9:00 PM,New York Knicks,Denver Nuggets,Ball Arena,Regular Season
03/06/2026,10:30 PM,Indiana Pacers,Los Angeles Lakers,Crypto.com Arena,Regular Season
03/07/2026,8:30 PM,Golden State Warriors,Oklahoma City Thunder,Paycom Center,Regular Season
03/08/2026,1:00 PM,Boston Celtics,Cleveland Cavaliers,Rocket Mortgage FieldHouse,Regular Season
03/08/2026,3:30 PM,New York Knicks,Los Angeles Lakers,Crypto.com Arena,Regular Season
03/09/2026,9:00 PM,Utah Jazz,Golden State Warriors,Chase Center,Regular Season
03/09/2026,10:00 PM,New York Knicks,Los Angeles Clippers,Intuit Dome,Regular Season
03/10/2026,8:00 PM,Boston Celtics,San Antonio Spurs,Frost Bank Center,Regular Season
03/10/2026,10:00 PM,Chicago Bulls,Golden State Warriors,Chase Center,Regular Season
03/10/2026,11:00 PM,Minnesota Timberwolves,Los Angeles Lakers,Crypto.com Arena,Regular Season
03/11/2026,7:30 PM,Minnesota Timberwolves,Los Angeles Clippers,Intuit Dome,Regular Season
03/13/2026,7:30 PM,Chicago Bulls,Los Angeles Clippers,Intuit Dome,Regular Season
03/13/2026,10:00 PM,Minnesota Timberwolves,Golden State Warriors,Chase Center,Regular Season
03/14/2026,7:30 PM,Sacramento Kings,Los Angeles Clippers,Intuit Dome,Regular Season
03/15/2026,8:00 PM,Golden State Warriors,New York Knicks,Madison Square Garden,Regular Season
03/16/2026,7:30 PM,San Antonio Spurs,Los Angeles Clippers,Intuit Dome,Regular Season
03/18/2026,7:00 PM,Golden State Warriors,Boston Celtics,TD Garden,Regular Season
03/20/2026,7:30 PM,New York Knicks,Brooklyn Nets,Barclays Center,Regular Season
03/20/2026,7:30 PM,Golden State Warriors,Detroit Pistons,Little Caesars Arena,Regular Season
03/20/2026,8:00 PM,Atlanta Hawks,Houston Rockets,Toyota Center,Regular Season
03/20/2026,8:00 PM,Boston Celtics,Memphis Grizzlies,FedExForum,Regular Season
03/20/2026,8:00 PM,Portland Trail Blazers,Minnesota Timberwolves,Target Center,Regular Season
03/20/2026,9:00 PM,Toronto Raptors,Denver Nuggets,Ball Arena,Regular Season
03/21/2026,2:00 PM,Oklahoma City Thunder,Washington Wizards,Capital One Arena,Regular Season
03/21/2026,4:00 PM,Memphis Grizzlies,Charlotte Hornets,Spectrum Center,Regular Season
03/21/2026,4:00 PM,Los Angeles Lakers,Orlando Magic,Kia Center,Regular Season
03/21/2026,4:00 PM,Cleveland Cavaliers,New Orleans Pelicans,Smoothie King Center,Regular Season
03/21/2026,5:00 PM,Golden State Warriors,Atlanta Hawks,State Farm Arena,Regular Season
03/21/2026,5:00 PM,Indiana Pacers,San Antonio Spurs,Frost Bank Center,Regular Season
03/21/2026,5:00 PM,Miami Heat,Houston Rockets,Toyota Center,Regular Season
03/21/2026,5:30 PM,Los Angeles Clippers,Dallas Mavericks,American Airlines Center,Regular Season
03/21/2026,6:30 PM,Philadelphia 76ers,Utah Jazz,Delta Center,Regular Season
03/21/2026,7:00 PM,Milwaukee Bucks,Phoenix Suns,Footprint Center,Regular Season
03/22/2026,2:00 PM,Portland Trail Blazers,Denver Nuggets,Ball Arena,Regular Season
03/22/2026,3:00 PM,Brooklyn Nets,Sacramento Kings,Golden 1 Center,Regular Season
03/22/2026,4:30 PM,Washington Wizards,New York Knicks,Madison Square Garden,Regular Season
03/22/2026,5:00 PM,Minnesota Timberwolves,Boston Celtics,TD Garden,Regular Season
03/23/2026,7:30 PM,Milwaukee Bucks,Los Angeles Clippers,Intuit Dome,Regular Season
03/24/2026,7:00 PM,Sacramento Kings,Charlotte Hornets,Spectrum Center,Regular Season
03/24/2026,7:30 PM,New Orleans Pelicans,New York Knicks,Madison Square Garden,Regular Season
03/24/2026,8:00 PM,Orlando Magic,Cleveland Cavaliers,Rocket Mortgage FieldHouse,Regular Season
03/24/2026,11:00 PM,Denver Nuggets,Phoenix Suns,Footprint Center,Regular Season
03/25/2026,7:30 PM,Toronto Raptors,Los Angeles Clippers,Intuit Dome,Regular Season
03/27/2026,7:00 PM,Los Angeles Clippers,Indiana Pacers,Gainbridge Fieldhouse,Regular Season
03/27/2026,7:30 PM,Atlanta Hawks,Boston Celtics,TD Garden,Regular Season
03/27/2026,7:30 PM,Miami Heat,Cleveland Cavaliers,Rocket Mortgage FieldHouse,Regular Season
03/27/2026,8:00 PM,Houston Rockets,Memphis Grizzlies,FedExForum,Regular Season
03/27/2026,8:00 PM,Chicago Bulls,Oklahoma City Thunder,Paycom Center,Regular Season
03/27/2026,8:30 PM,New Orleans Pelicans,Toronto Raptors,Scotiabank Arena,Regular Season
03/27/2026,9:00 PM,Utah Jazz,Denver Nuggets,Ball Arena,Regular Season
03/27/2026,10:00 PM,Washington Wizards,Golden State Warriors,Chase Center,Regular Season
03/27/2026,10:00 PM,Dallas Mavericks,Portland Trail Blazers,Moda Center,Regular Season
03/27/2026,10:30 PM,Brooklyn Nets,Los Angeles Lakers,Crypto.com Arena,Regular Season
03/28/2026,3:00 PM,San Antonio Spurs,Milwaukee Bucks,Fiserv Forum,Regular Season
03/28/2026,6:00 PM,Philadelphia 76ers,Charlotte Hornets,Spectrum Center,Regular Season
03/28/2026,7:30 PM,Sacramento Kings,Atlanta Hawks,State Farm Arena,Regular Season
03/28/2026,8:00 PM,Chicago Bulls,Memphis Grizzlies,FedExForum,Regular Season
03/28/2026,8:00 PM,Detroit Pistons,Minnesota Timberwolves,Target Center,Regular Season
03/28/2026,10:00 PM,Utah Jazz,Phoenix Suns,Footprint Center,Regular Season
03/29/2026,12:30 PM,Los Angeles Clippers,Milwaukee Bucks,Fiserv Forum,Regular Season
03/29/2026,2:00 PM,Miami Heat,Indiana Pacers,Gainbridge Fieldhouse,Regular Season
03/29/2026,3:00 PM,Orlando Magic,Toronto Raptors,Scotiabank Arena,Regular Season
03/29/2026,3:00 PM,Boston Celtics,Charlotte Hornets,Spectrum Center,Regular Season
03/29/2026,3:00 PM,Washington Wizards,Portland Trail Blazers,Moda Center,Regular Season
03/29/2026,6:00 PM,Sacramento Kings,Brooklyn Nets,Barclays Center,Regular Season
03/29/2026,7:00 PM,Houston Rockets,New Orleans Pelicans,Smoothie King Center,Regular Season
03/29/2026,7:30 PM,New York Knicks,Oklahoma City Thunder,Paycom Center,Regular Season
03/29/2026,10:00 PM,Golden State Warriors,Denver Nuggets,Ball Arena,Regular Season
03/31/2026,7:00 PM,Portland Trail Blazers,Los Angeles Clippers,Intuit Dome,Regular Season
03/31/2026,7:30 PM,Houston Rockets,New York Knicks,Madison Square Garden,Regular Season
04/01/2026,7:00 PM,Philadelphia 76ers,Washington Wizards,Capital One Arena,Regular Season
04/01/2026,7:30 PM,Boston Celtics,Miami Heat,Kaseya Center,Regular Season
04/01/2026,7:30 PM,Atlanta Hawks,Orlando Magic,Kia Center,Regular Season
04/01/2026,8:00 PM,Indiana Pacers,Chicago Bulls,United Center,Regular Season
04/01/2026,8:00 PM,Milwaukee Bucks,Houston Rockets,Toyota Center,Regular Season
04/01/2026,8:00 PM,Dallas Mavericks,Memphis Grizzlies,FedExForum,Regular Season
04/01/2026,8:00 PM,Sacramento Kings,Toronto Raptors,Scotiabank Arena,Regular Season
04/01/2026,9:00 PM,Denver Nuggets,Utah Jazz,Delta Center,Regular Season
04/01/2026,10:00 PM,San Antonio Spurs,Golden State Warriors,Chase Center,Regular Season
04/02/2026,7:00 PM,Phoenix Suns,Charlotte Hornets,Spectrum Center,Regular Season
04/02/2026,7:00 PM,Minnesota Timberwolves,Detroit Pistons,Little Caesars Arena,Regular Season
04/02/2026,7:30 PM,Los Angeles Lakers,Oklahoma City Thunder,Paycom Center,Regular Season
04/02/2026,10:00 PM,Cleveland Cavaliers,Golden State Warriors,Chase Center,Regular Season
04/02/2026,10:00 PM,New Orleans Pelicans,Portland Trail Blazers,Moda Center,Regular Season
04/02/2026,10:30 PM,San Antonio Spurs,Los Angeles Clippers,Intuit Dome,Regular Season
04/03/2026,7:00 PM,Indiana Pacers,Charlotte Hornets,Spectrum Center,Regular Season
04/03/2026,7:00 PM,Minnesota Timberwolves,Philadelphia 76ers,Wells Fargo Center,Regular Season
04/03/2026,7:30 PM,Atlanta Hawks,Brooklyn Nets,Barclays Center,Regular Season
04/03/2026,7:30 PM,Chicago Bulls,New York Knicks,Madison Square Garden,Regular Season
04/03/2026,8:00 PM,Utah Jazz,Houston Rockets,Toyota Center,Regular Season
04/03/2026,8:00 PM,Toronto Raptors,Memphis Grizzlies,FedExForum,Regular Season
04/03/2026,8:00 PM,Boston Celtics,Milwaukee Bucks,Fiserv Forum,Regular Season
04/03/2026,8:30 PM,Orlando Magic,Dallas Mavericks,American Airlines Center,Regular Season
04/03/2026,10:00 PM,New Orleans Pelicans,Sacramento Kings,Golden 1 Center,Regular Season
04/04/2026,3:00 PM,Washington Wizards,Miami Heat,Kaseya Center,Regular Season
04/04/2026,3:00 PM,San Antonio Spurs,Denver Nuggets,Ball Arena,Regular Season
04/04/2026,7:00 PM,Detroit Pistons,Philadelphia 76ers,Wells Fargo Center,Regular Season
04/05/2026,3:30 PM,Toronto Raptors,Boston Celtics,TD Garden,Regular Season
04/05/2026,3:30 PM,Washington Wizards,Brooklyn Nets,Barclays Center,Regular Season
04/05/2026,3:30 PM,Phoenix Suns,Chicago Bulls,United Center,Regular Season
04/05/2026,3:30 PM,Memphis Grizzlies,Milwaukee Bucks,Fiserv Forum,Regular Season
04/05/2026,6:00 PM,Indiana Pacers,Cleveland Cavaliers,Rocket Mortgage FieldHouse,Regular Season
04/05/2026,6:00 PM,Charlotte Hornets,Minnesota Timberwolves,Target Center,Regular Season
04/05/2026,6:00 PM,Orlando Magic,New Orleans Pelicans,Smoothie King Center,Regular Season
04/05/2026,7:00 PM,Utah Jazz,Oklahoma City Thunder,Paycom Center,Regular Season
04/06/2026,7:00 PM,San Antonio Spurs,Atlanta Hawks,State Farm Arena,Regular Season
04/06/2026,10:30 PM,Los Angeles Lakers,Los Angeles Clippers,Intuit Dome,Regular Season
04/08/2026,7:00 PM,Atlanta Hawks,Cleveland Cavaliers,Rocket Mortgage FieldHouse,Regular Season
04/08/2026,7:00 PM,Minnesota Timberwolves,Orlando Magic,Kia Center,Regular Season
04/08/2026,7:30 PM,Milwaukee Bucks,Detroit Pistons,Little Caesars Arena,Regular Season
04/08/2026,8:00 PM,Portland Trail Blazers,San Antonio Spurs,Frost Bank Center,Regular Season
04/08/2026,9:00 PM,Memphis Grizzlies,Denver Nuggets,Ball Arena,Regular Season
04/08/2026,10:00 PM,Los Angeles Clippers,Oklahoma City Thunder,Paycom Center,Regular Season
04/10/2026,7:00 PM,Miami Heat,Washington Wizards,Capital One Arena,Regular Season
04/10/2026,7:00 PM,Detroit Pistons,Charlotte Hornets,Spectrum Center,Regular Season
04/10/2026,7:30 PM,Philadelphia 76ers,Indiana Pacers,Gainbridge Fieldhouse,Regular Season
04/10/2026,7:30 PM,Toronto Raptors,New York Knicks,Madison Square Garden,Regular Season
04/10/2026,7:30 PM,New Orleans Pelicans,Boston Celtics,TD Garden,Regular Season
04/10/2026,7:30 PM,Cleveland Cavaliers,Atlanta Hawks,State Farm Arena,Regular Season
04/10/2026,7:30 PM,Milwaukee Bucks,Brooklyn Nets,Barclays Center,Regular Season
04/10/2026,8:30 PM,San Antonio Spurs,Dallas Mavericks,American Airlines Center,Regular Season
04/12/2026,1:00 PM,Brooklyn Nets,Toronto Raptors,Scotiabank Arena,Season Finale (All 30 Teams Play)
04/12/2026,1:00 PM,Detroit Pistons,Indiana Pacers,Gainbridge Fieldhouse,Season Finale (All 30 Teams Play)
04/12/2026,1:00 PM,Washington Wizards,Cleveland Cavaliers,Rocket Mortgage FieldHouse,Season Finale (All 30 Teams Play)
04/12/2026,1:00 PM,Atlanta Hawks,Miami Heat,Kaseya Center,Season Finale (All 30 Teams Play)
04/12/2026,1:00 PM,Milwaukee Bucks,Philadelphia 76ers,Wells Fargo Center,Season Finale (All 30 Teams Play)
04/12/2026,1:00 PM,Orlando Magic,Boston Celtics,TD Garden,Season Finale (All 30 Teams Play)
04/12/2026,3:30 PM,Dallas Mavericks,Chicago Bulls,United Center,Season Finale (All 30 Teams Play)
04/12/2026,3:30 PM,New York Knicks,Charlotte Hornets,Spectrum Center,Season Finale (All 30 Teams Play)
04/12/2026,3:30 PM,Utah Jazz,Los Angeles Lakers,Crypto.com Arena,Season Finale (All 30 Teams Play)
04/12/2026,3:30 PM,Golden State Warriors,Los Angeles Clippers,Intuit Dome,Season Finale (All 30 Teams Play)
04/12/2026,3:30 PM,San Antonio Spurs,Memphis Grizzlies,FedExForum,Season Finale (All 30 Teams Play)
04/12/2026,3:30 PM,Portland Trail Blazers,Sacramento Kings,Golden 1 Center,Season Finale (All 30 Teams Play)
04/12/2026,3:30 PM,Oklahoma City Thunder,New Orleans Pelicans,Smoothie King Center,Season Finale (All 30 Teams Play)
04/12/2026,3:30 PM,Denver Nuggets,Minnesota Timberwolves,Target Center,Season Finale (All 30 Teams Play)
04/12/2026,3:30 PM,Houston Rockets,Phoenix Suns,Footprint Center,Season Finale (All 30 Teams Play)
